{
  "1D": {
    "1D-CNN": {
      "MAE": 6447.41357421875,
      "RMSE": 18155.35094675947,
      "MAPE": 16.60483479499817
    },
    "RNN": {
      "MAE": 805.3370971679688,
      "RMSE": 1240.8174724753032,
      "MAPE": 2.2355278953909874
    },
    "LSTM": {
      "MAE": 753.7391357421875,
      "RMSE": 1169.2428639936188,
      "MAPE": 2.1234408020973206
    },
    "Transformer": {
      "MAE": 934.8099975585938,
      "RMSE": 1492.3364231968608,
      "MAPE": 2.585167810320854
    }
  },
  "3D": {
    "1D-CNN": {
      "MAE": 4821.68896484375,
      "RMSE": 8062.163977493884,
      "MAPE": 12.627387046813965
    },
    "RNN": {
      "MAE": 1535.2431640625,
      "RMSE": 2193.970715392528,
      "MAPE": 4.320209100842476
    },
    "LSTM": {
      "MAE": 1514.052490234375,
      "RMSE": 2191.2753136016477,
      "MAPE": 4.204495623707771
    },
    "Transformer": {
      "MAE": 1498.598876953125,
      "RMSE": 2155.0256378985378,
      "MAPE": 4.218143597245216
    }
  },
  "7D": {
    "1D-CNN": {
      "MAE": 5296.14404296875,
      "RMSE": 8315.139926663893,
      "MAPE": 13.96542638540268
    },
    "RNN": {
      "MAE": 2491.024169921875,
      "RMSE": 3645.6774404765983,
      "MAPE": 6.709412485361099
    },
    "LSTM": {
      "MAE": 2425.407958984375,
      "RMSE": 3471.02981836803,
      "MAPE": 6.711528450250626
    },
    "Transformer": {
      "MAE": 2127.220703125,
      "RMSE": 3060.779149171008,
      "MAPE": 6.035471707582474
    }
  }
}