{
  "1D": {
    "1D-CNN": {
      "MAE": 15930.1015625,
      "RMSE": 18564.255546614306,
      "MAPE": 42.89916157722473
    },
    "RNN": {
      "MAE": 29920.962890625,
      "RMSE": 32568.592478030117,
      "MAPE": 85.59911847114563
    },
    "LSTM": {
      "MAE": 28911.046875,
      "RMSE": 31544.133907907504,
      "MAPE": 82.49847888946533
    },
    "Transformer": {
      "MAE": 32049.0078125,
      "RMSE": 34557.38879024282,
      "MAPE": 92.59858727455139
    }
  },
  "3D": {
    "1D-CNN": {
      "MAE": 16634.10546875,
      "RMSE": 19257.71409072219,
      "MAPE": 45.05510628223419
    },
    "RNN": {
      "MAE": 28210.10546875,
      "RMSE": 30733.506405875658,
      "MAPE": 80.57459592819214
    },
    "LSTM": {
      "MAE": 29230.47265625,
      "RMSE": 31824.66062662727,
      "MAPE": 83.61715078353882
    },
    "Transformer": {
      "MAE": 31997.474609375,
      "RMSE": 34506.729314729324,
      "MAPE": 92.43525266647339
    }
  },
  "7D": {
    "1D-CNN": {
      "MAE": 17705.87109375,
      "RMSE": 20340.632831846702,
      "MAPE": 48.27882647514343
    },
    "RNN": {
      "MAE": 32268.123046875,
      "RMSE": 34788.36403167013,
      "MAPE": 93.2476282119751
    },
    "LSTM": {
      "MAE": 29390.884765625,
      "RMSE": 31961.45979144257,
      "MAPE": 84.18435454368591
    },
    "Transformer": {
      "MAE": 32114.5234375,
      "RMSE": 34623.89648783048,
      "MAPE": 92.80390739440918
    }
  }
}