{
  "1D": {
    "1D-CNN": {
      "MAE": 11867.462890625,
      "RMSE": 13943.258729579682,
      "MAPE": 32.614997029304504
    },
    "RNN": {
      "MAE": 6474.2216796875,
      "RMSE": 9581.273819278938,
      "MAPE": 14.736409485340118
    },
    "LSTM": {
      "MAE": 25728.640625,
      "RMSE": 28787.940808609426,
      "MAPE": 71.42587900161743
    },
    "Transformer": {
      "MAE": 31935.197265625,
      "RMSE": 34448.668827692025,
      "MAPE": 92.22599864006042
    }
  },
  "3D": {
    "1D-CNN": {
      "MAE": 13836.595703125,
      "RMSE": 16057.601315264992,
      "MAPE": 37.98956274986267
    },
    "RNN": {
      "MAE": 9050.494140625,
      "RMSE": 11650.305403722256,
      "MAPE": 22.702734172344208
    },
    "LSTM": {
      "MAE": 27121.154296875,
      "RMSE": 30070.176055354248,
      "MAPE": 76.00623369216919
    },
    "Transformer": {
      "MAE": 31990.021484375,
      "RMSE": 34518.84215902961,
      "MAPE": 92.34902858734131
    }
  },
  "7D": {
    "1D-CNN": {
      "MAE": 15669.76953125,
      "RMSE": 18192.18557513088,
      "MAPE": 42.5680935382843
    },
    "RNN": {
      "MAE": 15738.92578125,
      "RMSE": 18865.80228879758,
      "MAPE": 41.19431972503662
    },
    "LSTM": {
      "MAE": 24745.662109375,
      "RMSE": 27904.644487970098,
      "MAPE": 68.15509796142578
    },
    "Transformer": {
      "MAE": 32035.263671875,
      "RMSE": 34561.84624698166,
      "MAPE": 92.49941110610962
    }
  }
}