{
  "1D": {
    "1D-CNN": {
      "MAE": 2053.910400390625,
      "RMSE": 5096.72326107667,
      "MAPE": 5.481550469994545
    },
    "RNN": {
      "MAE": 1050.8240966796875,
      "RMSE": 1504.588066548449,
      "MAPE": 2.845500409603119
    },
    "LSTM": {
      "MAE": 755.3827514648438,
      "RMSE": 1164.5720780612937,
      "MAPE": 2.1266311407089233
    },
    "Transformer": {
      "MAE": 986.4721069335938,
      "RMSE": 1545.3349151559348,
      "MAPE": 2.7604714035987854
    }
  },
  "3D": {
    "1D-CNN": {
      "MAE": 1975.1417236328125,
      "RMSE": 3247.854522604114,
      "MAPE": 5.3346190601587296
    },
    "RNN": {
      "MAE": 1516.91015625,
      "RMSE": 2187.775354098313,
      "MAPE": 4.252918437123299
    },
    "LSTM": {
      "MAE": 1468.5701904296875,
      "RMSE": 2146.558058846767,
      "MAPE": 4.073456302285194
    },
    "Transformer": {
      "MAE": 1474.4737548828125,
      "RMSE": 2137.2192213247567,
      "MAPE": 4.148576036095619
    }
  },
  "7D": {
    "1D-CNN": {
      "MAE": 2626.627197265625,
      "RMSE": 3871.9365955552526,
      "MAPE": 7.1598343551158905
    },
    "RNN": {
      "MAE": 2282.4677734375,
      "RMSE": 3370.44418437689,
      "MAPE": 6.226230412721634
    },
    "LSTM": {
      "MAE": 2303.85107421875,
      "RMSE": 3346.3919375948776,
      "MAPE": 6.360714137554169
    },
    "Transformer": {
      "MAE": 2212.165283203125,
      "RMSE": 3122.79858460324,
      "MAPE": 6.407567858695984
    }
  }
}