{
  "1D": {
    "1D-CNN": {
      "MAE": 1194.872802734375,
      "RMSE": 1960.0407521273632,
      "MAPE": 3.2212700694799423
    },
    "RNN": {
      "MAE": 771.6843872070312,
      "RMSE": 1199.0432123155529,
      "MAPE": 2.1414775401353836
    },
    "LSTM": {
      "MAE": 909.7359619140625,
      "RMSE": 1318.0978245183474,
      "MAPE": 2.520005963742733
    },
    "Transformer": {
      "MAE": 1481.9071044921875,
      "RMSE": 2248.425115497512,
      "MAPE": 3.8164831697940826
    }
  },
  "3D": {
    "1D-CNN": {
      "MAE": 2998.990478515625,
      "RMSE": 4928.413334938537,
      "MAPE": 8.011574298143387
    },
    "RNN": {
      "MAE": 1533.3084716796875,
      "RMSE": 2221.774741057248,
      "MAPE": 4.257500916719437
    },
    "LSTM": {
      "MAE": 2008.459716796875,
      "RMSE": 2697.859429251272,
      "MAPE": 5.586409941315651
    },
    "Transformer": {
      "MAE": 1773.4658203125,
      "RMSE": 2607.928871729442,
      "MAPE": 4.9719322472810745
    }
  },
  "7D": {
    "1D-CNN": {
      "MAE": 2800.65576171875,
      "RMSE": 3844.6823015692726,
      "MAPE": 7.680545002222061
    },
    "RNN": {
      "MAE": 2658.144287109375,
      "RMSE": 3818.285871958777,
      "MAPE": 7.153464108705521
    },
    "LSTM": {
      "MAE": 2952.459716796875,
      "RMSE": 4042.6007717804637,
      "MAPE": 8.150404691696167
    },
    "Transformer": {
      "MAE": 2219.86767578125,
      "RMSE": 3281.0554704241135,
      "MAPE": 6.094756722450256
    }
  }
}