{
  "1D": {
    "1D-CNN": {
      "MAE": 2053.910400390625,
      "RMSE": 5096.72326107667,
      "MAPE": 5.481550469994545
    },
    "RNN": {
      "MAE": 1050.8240966796875,
      "RMSE": 1504.588066548449,
      "MAPE": 2.845500409603119
    },
    "LSTM": {
      "MAE": 730.9849243164062,
      "RMSE": 1136.377413098307,
      "MAPE": 2.060459367930889
    },
    "Transformer": {
      "MAE": 951.6377563476562,
      "RMSE": 1510.717379260595,
      "MAPE": 2.6395218446850777
    },
    "PatchTST": {
      "MAE": 732.2327270507812,
      "RMSE": 1138.473539437786,
      "MAPE": 2.063104324042797
    }
  },
  "3D": {
    "1D-CNN": {
      "MAE": 1975.1417236328125,
      "RMSE": 3247.854522604114,
      "MAPE": 5.3346190601587296
    },
    "RNN": {
      "MAE": 1516.91015625,
      "RMSE": 2187.775354098313,
      "MAPE": 4.252918437123299
    },
    "LSTM": {
      "MAE": 1349.44287109375,
      "RMSE": 1987.843177919224,
      "MAPE": 3.796771541237831
    },
    "Transformer": {
      "MAE": 1373.3345947265625,
      "RMSE": 2010.8094141414795,
      "MAPE": 3.8489803671836853
    },
    "PatchTST": {
      "MAE": 1347.55908203125,
      "RMSE": 1962.1328318949254,
      "MAPE": 3.848154842853546
    }
  },
  "7D": {
    "1D-CNN": {
      "MAE": 2626.627197265625,
      "RMSE": 3871.9365955552526,
      "MAPE": 7.1598343551158905
    },
    "RNN": {
      "MAE": 2282.4677734375,
      "RMSE": 3370.44418437689,
      "MAPE": 6.226230412721634
    },
    "LSTM": {
      "MAE": 2118.93115234375,
      "RMSE": 3117.374857151446,
      "MAPE": 5.947668105363846
    },
    "Transformer": {
      "MAE": 2460.006591796875,
      "RMSE": 3620.3753949003685,
      "MAPE": 6.923314929008484
    },
    "PatchTST": {
      "MAE": 2097.0078125,
      "RMSE": 3067.2109480764443,
      "MAPE": 5.926169455051422
    }
  }
}