{
  "RNN": [
    {
      "1D": {
        "MAE": 233.6860809326172,
        "RMSE": 393.93660260884616,
        "MAPE": 3.6183033138513565
      },
      "3D": {
        "MAE": 375.20587158203125,
        "RMSE": 635.1459231940327,
        "MAPE": 5.824277549982071
      },
      "7D": {
        "MAE": 1402.12353515625,
        "RMSE": 1878.8302877056246,
        "MAPE": 20.02955973148346
      }
    },
    {
      "1D": {
        "MAE": 793.2633056640625,
        "RMSE": 1256.0615032712371,
        "MAPE": 2.3409023880958557
      },
      "3D": {
        "MAE": 1553.579833984375,
        "RMSE": 2300.534611780488,
        "MAPE": 4.435737431049347
      },
      "7D": {
        "MAE": 3184.0859375,
        "RMSE": 4507.830076655508,
        "MAPE": 8.767297118902206
      }
    }
  ],
  "1D-CNN": [
    {
      "1D": {
        "MAE": 275.9648132324219,
        "RMSE": 462.9684114494206,
        "MAPE": 3.949596732854843
      },
      "3D": {
        "MAE": 540.9490966796875,
        "RMSE": 893.8157668110358,
        "MAPE": 7.803265005350113
      },
      "7D": {
        "MAE": 564.3442993164062,
        "RMSE": 945.5869539603431,
        "MAPE": 8.650894463062286
      }
    },
    {
      "1D": {
        "MAE": 1062.2452392578125,
        "RMSE": 1729.756774809684,
        "MAPE": 3.028596378862858
      },
      "3D": {
        "MAE": 2065.687255859375,
        "RMSE": 3125.251029917437,
        "MAPE": 5.707161128520966
      },
      "7D": {
        "MAE": 3633.414306640625,
        "RMSE": 5341.348331648105,
        "MAPE": 9.919524937868118
      }
    }
  ],
  "LSTM": [
    {
      "1D": {
        "MAE": 211.4910888671875,
        "RMSE": 365.0091822475155,
        "MAPE": 3.2565124332904816
      },
      "3D": {
        "MAE": 593.591552734375,
        "RMSE": 864.0736369083367,
        "MAPE": 8.73732939362526
      },
      "7D": {
        "MAE": 889.70703125,
        "RMSE": 1289.2432373295583,
        "MAPE": 13.266964256763458
      }
    },
    {
      "1D": {
        "MAE": 836.772216796875,
        "RMSE": 1299.0730348983464,
        "MAPE": 2.432614751160145
      },
      "3D": {
        "MAE": 1737.0003662109375,
        "RMSE": 2509.164602013985,
        "MAPE": 4.916984960436821
      },
      "7D": {
        "MAE": 2836.699951171875,
        "RMSE": 4061.163380116589,
        "MAPE": 7.9626113176345825
      }
    }
  ],
  "Transformer": [
    {
      "1D": {
        "MAE": 834.9075317382812,
        "RMSE": 1135.6835496739398,
        "MAPE": 11.464445292949677
      },
      "3D": {
        "MAE": 643.9957885742188,
        "RMSE": 1005.4982284917264,
        "MAPE": 9.251660853624344
      },
      "7D": {
        "MAE": 1334.143310546875,
        "RMSE": 1811.7679901135245,
        "MAPE": 18.718433380126953
      }
    },
    {
      "1D": {
        "MAE": 1651.697021484375,
        "RMSE": 2351.9758714748755,
        "MAPE": 4.404357075691223
      },
      "3D": {
        "MAE": 1857.3560791015625,
        "RMSE": 2836.9904828885133,
        "MAPE": 5.01246452331543
      },
      "7D": {
        "MAE": 3359.60986328125,
        "RMSE": 4893.326884646069,
        "MAPE": 9.066645056009293
      }
    }
  ]
}